<?xml version="1.0" encoding="UTF-8" ?>
<!DOCTYPE log4j:configuration SYSTEM "log4j.dtd">
<log4j:configuration xmlns:log4j="http://jakarta.apache.org/log4j/">
	<appender name="console" class="org.apache.log4j.ConsoleAppender">
		<layout class="org.apache.log4j.PatternLayout">
			<param name="ConversionPattern" value="%5p [%t] (%F:%L) - %m%n" />
		</layout>
	</appender>
	<appender name="file" class="org.apache.log4j.RollingFileAppender">
		<param name="file" value="logs/streamhub.log" />
		<param name="MaxFileSize" value="10MB" />
		<param name="MaxBackupIndex" value="10" />
		<layout class="org.apache.log4j.PatternLayout">
			<param name="ConversionPattern" value="%d %p %t %c - %m%n" />
		</layout>
	</appender>
	<logger name="StockDemo" additivity="false">
		<appender-ref ref="file" />
	</logger>
	<logger name="com.streamhub" additivity="false">
		<appender-ref ref="file" />
	</logger>
	<root>
		<priority value="debug" />
	</root>
</log4j:configuration>